sample,signal,construction,bucket_col,months,delta_mean_years_to_maturity_mean_avg,delta_last_years_to_maturity_mean_avg,delta_mean_curve_rmse_mean_avg,delta_last_curve_rmse_mean_avg,delta_mean_n_issues_mean_avg,delta_max_n_issues_mean_avg,delta_total_trade_count_mean_avg,delta_total_gross_volume_mean_avg,delta_mean_log_gross_volume_mean_avg,delta_mean_liquidity_weight_mean_avg,delta_mean_curve_support_score_mean_avg,delta_cheap_share_mean_avg,delta_rich_share_mean_avg,delta_unstable_curve_share_mean_avg,delta_coupon_mean_avg,delta_amount_outstanding_mean_avg,long_amount_outstanding_mean_avg,short_amount_outstanding_mean_avg,long_rating_a_or_better_share_avg,long_rating_bb_share_avg,short_rating_a_or_better_share_avg,short_rating_bb_share_avg,short_rating_missing_share_avg,long_rating_missing_share_avg,long_rating_ccc_or_lower_share_avg,long_rating_b_share_avg,short_rating_b_share_avg,short_rating_ccc_or_lower_share_avg,long_amount_small_amt_share_avg,long_amount_mid_amt_share_avg,long_amount_large_amt_share_avg,short_amount_small_amt_share_avg,short_amount_large_amt_share_avg,short_amount_mid_amt_share_avg,long_amount_missing_share_avg,short_amount_missing_share_avg,short_rating_default_share_avg,long_rating_default_share_avg
all_2002_2024,composite_residual_rank,amount_neutral,amount_bucket,194,-0.5773451126,-0.5760320771,-0.0257397732,-0.0304207169,-2.3607591848,-3.026290631,-9.2676056327,-14083714.585807752,-0.4813508721,-1.3708681614,-0.0012397452,0.7294464573,-0.7294464573,-0.001277104,1.0149864315,19433.3427708869,671361.3587955949,651928.0160247079,0.522914056,0.4585193353,0.5561241809,0.423047368,0.0153188228,0.0142222157,0.0152610165,0.0146311621,0.0183510966,0.0136753823,0.3606217015,0.3324256299,0.3102655095,0.3604822658,0.3103511756,0.3324801219,,,,
all_2002_2024,composite_residual_rank,global,,270,1.4186933469,1.4231854918,0.0243484349,0.0267243592,-4.8392351365,-6.0335153153,-37.912631039,-24245883.483841717,-0.6944497087,-3.2985408651,-0.1219858606,0.6757687136,-0.6757687136,0.0017795526,1.0369984542,-143992.6129512379,452942.4542800515,579187.0588677652,0.5095692639,0.42803105,0.5348599778,0.4131574853,0.0188927627,0.0284251817,0.0142364034,0.0281743229,0.0289521852,0.0123327823,0.1843340663,0.0776965215,0.0436757689,0.0823806551,0.0805006587,0.1053273228,0.7361510663,0.7708377244,0.0043595381,0.0031731801
all_2002_2024,composite_residual_rank,rating_neutral,rating_bucket,270,1.5374474495,1.5417079723,0.0006083339,0.0032406329,-4.8244641475,-5.9858356653,-36.9742450458,-24555623.42636652,-0.6980488599,-3.2638851925,-0.1106572292,0.6728032366,-0.6728032366,0.0001283664,1.036767358,-140530.2382964831,450419.8814331106,579092.8769874456,0.5374718097,0.4245806426,0.5374685226,0.4245770873,0.0336895572,0.0337173145,0.0242748875,0.0307445701,0.0307608019,0.0242736081,0.1864802287,0.0788657976,0.0445375763,0.0827976442,0.0808250464,0.1055771859,0.7323861226,0.7699912081,,
all_2002_2024,last_bucket_residual_z,amount_neutral,amount_bucket,147,-1.1900581449,-1.1882986938,-0.0334108654,-0.0321896453,-3.1659538268,-3.9872046776,-2.7298289644,-16109188.010032605,-0.4131578215,-1.3572284095,0.0038642858,0.7075073516,-0.7075073516,-0.0005566833,1.1123976211,22499.467221821,823406.995566963,800907.5283451418,0.6127552608,0.3704936842,0.6866568124,0.3043280898,0.0184763349,0.0155358052,0.0427689011,0.0102309,0.0082159279,0.026334228,0.2985401464,0.3434148851,0.3763229366,0.2985401464,0.3763229366,0.3434148851,,,,
all_2002_2024,last_bucket_residual_z,global,,262,-0.9352416113,-0.9313674416,0.0807259521,0.0748142065,-6.4593291298,-8.5211745349,-28.0748924275,-32828019.43467531,-0.804644513,-3.3663538783,-0.0688099795,0.665590743,-0.665590743,0.0075416977,0.8743097794,-175253.5984461887,539972.5410291464,718675.6926070098,0.6584085313,0.2799031469,0.6816120817,0.2667224056,0.0409225108,0.0580413614,0.0153379787,0.0167630536,0.0233439513,0.0217497999,0.1730818063,0.082571128,0.0673571784,0.0914618264,0.1385268973,0.1208259692,0.7293898815,0.714206437,0.023848908,0.0089328661
all_2002_2024,last_bucket_residual_z,rating_neutral,rating_bucket,262,-0.7849571101,-0.7816366932,0.0493528,0.0438257177,-6.2640354076,-8.0511505518,-23.6143198464,-31152434.53942105,-0.7520200258,-3.072936054,-0.0488877462,0.655441794,-0.655441794,0.0053274711,0.9476603396,-171414.0149768406,545141.7743063762,718846.8341807034,0.7016884849,0.3050312805,0.7016884849,0.3050312805,0.0944216397,0.0944216397,0.0693069307,,,0.0693069307,0.174397404,0.0862870918,0.0705362034,0.0921720264,0.1403046981,0.1216196435,0.7223793988,0.7107374519,,
all_2002_2024,last_issuer_date_residual_z,amount_neutral,amount_bucket,194,-0.295304425,-0.2946447118,-0.0246549188,-0.0237729135,0.0490583189,-0.3310158221,-9.1976615943,-13846998.64387829,-0.490907797,-1.2577988216,0.1290415094,0.7220976808,-0.7220976808,-0.0010535227,1.0026416745,19005.354680658,666007.2966582578,647001.9419775999,0.5416469213,0.4411636672,0.5493478218,0.4286029628,0.0153359046,0.0139700359,0.0156703891,0.0152539598,0.0196955106,0.0124756806,0.360487689,0.3324697534,0.3103560929,0.360487689,0.3103560929,0.3324697534,,,,
all_2002_2024,last_issuer_date_residual_z,global,,270,1.7832671224,1.7866911877,0.0358239977,0.0361208197,-1.699018791,-2.4583495323,-27.4655631804,-19808564.392200667,-0.6414756857,-2.6303496543,0.0027993341,0.6753470114,-0.6753453934,0.0037746593,0.9467847767,-101993.7433878286,479416.6318436662,564022.0160541321,0.5281439945,0.4114184938,0.5244545937,0.4214865205,0.0168689551,0.0310703173,0.0138008801,0.0246477357,0.0317276353,0.0129712276,0.1802180884,0.0804479643,0.0510739544,0.0829807858,0.0758557387,0.1071534567,0.7307995636,0.773415942,0.0038671929,0.0033072619
all_2002_2024,last_issuer_date_residual_z,rating_neutral,rating_bucket,270,1.8699207389,1.87303295,0.0041837702,0.0051882468,-2.0273377017,-2.7812346013,-25.9072778387,-19966114.313331924,-0.624949623,-2.5347137857,0.0040758036,0.6719389784,-0.6719373554,0.0011995746,1.0064852684,-94892.8322925175,480239.6281369647,563546.5033923599,0.5375081937,0.4245424575,0.5375081937,0.4245424575,0.0336988731,0.0336988731,0.0242813088,0.030748343,0.030748343,0.0242813088,0.1813345596,0.0813952102,0.0519694094,0.0834696286,0.0766460564,0.1073554783,0.7284410768,0.7721541942,,
all_2002_2024,last_residual_over_rmse,amount_neutral,amount_bucket,194,-0.3329804573,-0.3325419151,-0.0232907619,-0.0248620023,-0.2226110529,-0.520666234,-9.098950789,-11519389.592737846,-0.4640093987,-1.2937711988,0.1239189818,0.7149997035,-0.7149997035,-0.0007325492,0.9620376467,14003.6583269781,653472.5308157215,639468.8724887434,0.5304123122,0.4512418491,0.5431592931,0.4365615214,0.0153769891,0.012960813,0.0186236254,0.0151659021,0.0184449299,0.0111780983,0.360487689,0.3324697534,0.3103560929,0.360487689,0.3103560929,0.3324697534,,,,
all_2002_2024,last_residual_over_rmse,global,,270,1.6409456727,1.6441668725,0.0385876186,0.0369679655,0.2530720394,-0.0417618654,-26.6221460254,-17574639.00892597,-0.6571494339,-2.5946584133,0.0474515285,0.6650724814,-0.6650724814,0.0043121843,0.8955887516,-107038.8024823043,449516.6427103614,539639.7396037624,0.5263020636,0.4094760049,0.5166227963,0.4257709717,0.0194961555,0.0333908243,0.0147869609,0.0259172995,0.0331951219,0.0128763998,0.1889080821,0.0796686546,0.0414080528,0.0911327857,0.06782504,0.1092543593,0.7323850862,0.7708478959,0.0036431746,0.0035136335
all_2002_2024,last_residual_over_rmse,rating_neutral,rating_bucket,270,1.7479989318,1.7508719209,0.0056849585,0.0054386146,-0.196626025,-0.5151260856,-26.5189204259,-17945013.94842153,-0.6430884088,-2.5474124877,0.0472686251,0.6614479401,-0.6614479401,0.0016677205,0.9640860149,-103302.9988885848,449092.4110257683,543185.8603646292,0.5375081937,0.4245424575,0.5375081937,0.4245424575,0.0336988731,0.0336988731,0.0242813088,0.030748343,0.030748343,0.0242813088,0.1896175275,0.0811760731,0.0434290544,0.0921170786,0.06903544,0.1094644046,0.7287575483,0.7681310135,,
test_2020_2024,composite_residual_rank,amount_neutral,amount_bucket,60,0.6113394544,0.6135004057,-0.014567931,-0.0145341576,-2.3298028197,-3.1255262642,-21.5498370174,-12369416.926774772,-0.3712834747,-1.7036628534,-0.0447320801,0.7857837231,-0.7857837231,-0.0008069498,1.0369575405,-3197.8358948626,720352.3746357479,723550.2105306105,0.464381098,0.5148548092,0.5091797436,0.4671698711,0.0166617181,0.0152590585,0.0014583349,0.0057684509,0.008436888,0.0024782312,0.3476144852,0.342752249,0.3096332659,0.3476117648,0.3096315464,0.3427566889,,,,
test_2020_2024,composite_residual_rank,global,,60,0.8173714818,0.8237282945,0.0304494219,0.0313295839,-1.3409754597,-2.066295468,-60.620059063,-26590179.74295676,-0.9468033542,-4.7604371602,-0.100131938,0.7449878242,-0.7449878242,0.000200014,1.1044280302,-288602.3190192643,446654.8032627797,735257.1222820439,0.4750307273,0.4930228519,0.4830057982,0.4916046607,0.0142576883,0.0204173387,0.0032486813,0.0096165636,0.0098347904,0.0029738011,0.4617440591,0.1699356656,0.0849954585,0.2078524997,0.2039140279,0.2771926413,0.2833248168,0.3110408311,0.0014336984,0.0021479723
test_2020_2024,composite_residual_rank,rating_neutral,rating_bucket,60,0.8922010464,0.8984114573,0.0165206022,0.0173180562,-1.2900751974,-2.0091612577,-60.1912105115,-26510447.919664424,-0.9395758197,-4.7389305148,-0.090293253,0.7441889297,-0.7441889297,-0.0004075972,1.0860943191,-289278.952028236,447061.3401348144,736340.2921630505,0.4848433418,0.4927112353,0.4848433937,0.4927135568,0.0223673764,0.022408208,0.0106382979,0.0112589804,0.0112834092,0.0106382979,0.4644778523,0.1711860036,0.085712396,0.2079369444,0.2043419439,0.2766271862,0.2786237481,0.3110939255,,
test_2020_2024,last_bucket_residual_z,amount_neutral,amount_bucket,60,-1.4507376769,-1.448692025,-0.0174208661,-0.0172988097,-0.0850589902,-0.9905119558,-8.6687214124,-13071085.754062064,-0.4222036293,-1.1471747681,0.0834083802,0.7325822833,-0.7325822833,-0.0005326952,0.9145555098,16163.1422259626,823884.2445880581,807721.1023620955,0.5937802184,0.3948213859,0.6475601692,0.3363052818,0.0184763349,0.0155826139,,0.0040924155,0.0052931591,0.0086963097,0.3406416965,0.297854932,0.3615033715,0.3406416965,0.3615033715,0.297854932,,,,
test_2020_2024,last_bucket_residual_z,global,,60,-1.85655525,-1.8493627204,0.0412391547,0.0392041748,1.2168336026,0.2894151115,-64.2466732746,-36345064.69374837,-1.1691145014,-5.108653227,0.0091392305,0.7233948377,-0.7233948377,0.0003608781,1.0008108674,-365553.418611589,512091.7024753584,877645.1210869473,0.6190325953,0.3544081113,0.6297847519,0.3528352266,0.0151469834,0.024482181,0.0042912587,0.0039093371,0.004953639,0.0118577075,0.451328462,0.1308342935,0.1182034898,0.206067502,0.2946652651,0.2390848051,0.2996337547,0.2601824278,,
test_2020_2024,last_bucket_residual_z,rating_neutral,rating_bucket,60,-1.731726187,-1.7248350803,0.0155596794,0.0134475256,1.3019639384,0.4014046459,-62.0924589474,-35801667.92663498,-1.1444498666,-5.0133768354,0.0303259983,0.720352409,-0.720352409,-0.0003264351,0.9529167086,-360683.9729063796,521087.6832438668,881771.6561502464,0.6266082205,0.36505628,0.6266082205,0.36505628,0.035723569,0.035723569,,,,,0.4540972633,0.1342814989,0.1221846855,0.2050210045,0.2975175962,0.2391827634,0.2894365522,0.2582786359,,
test_2020_2024,last_issuer_date_residual_z,amount_neutral,amount_bucket,60,1.0978731151,1.0997782655,-0.0159551798,-0.0152332277,0.69498234,0.1983128501,-21.4904709066,-11840504.668108324,-0.3961925452,-1.7278467205,0.1240151533,0.7920209622,-0.7920209622,-0.0006830242,1.0691621595,3357.6742606281,724255.2672347748,720897.5929741467,0.4835510606,0.4986695899,0.4938416643,0.4808548591,0.0166913308,0.0148570541,0.0014162124,0.0043079341,0.0099741408,0.0025052083,0.3476292998,0.3427233366,0.3096473636,0.3476292998,0.3096473636,0.3427233366,,,,
test_2020_2024,last_issuer_date_residual_z,global,,60,1.3626189823,1.368124255,0.0229338151,0.0225328499,1.808013599,1.4416994875,-53.0038285481,-22724554.776600804,-0.8931481597,-4.3120878559,0.0802853867,0.7494517124,-0.7494517124,0.0003232578,1.1082894887,-241775.4276708647,478988.9172337573,720764.3449046218,0.4948362294,0.4755530505,0.4676919141,0.5046377075,0.014047465,0.0201150483,0.0027672402,0.0080181756,0.012002189,0.0028908443,0.4510643497,0.1728177125,0.0993937102,0.207916651,0.1947875447,0.2820712821,0.2767242277,0.3152245221,0.0014388489,0.0028653295
test_2020_2024,last_issuer_date_residual_z,rating_neutral,rating_bucket,60,1.3892116557,1.3944516812,0.0120237027,0.0116115722,1.5578898142,1.1584685189,-51.0495398733,-21988195.11921745,-0.8653836305,-4.162290188,0.07611979,0.7484195798,-0.7484195798,-0.0001847221,1.118644803,-239491.9104548697,481666.0716203927,721157.9820752625,0.4848542187,0.4927225117,0.4848542187,0.4927225117,0.0223686259,0.0223686259,0.0106382979,0.0112593058,0.0112593058,0.0106382979,0.4518573969,0.1746269881,0.1003993153,0.2078832677,0.195923788,0.2813969685,0.2731162997,0.3147959758,,
test_2020_2024,last_residual_over_rmse,amount_neutral,amount_bucket,60,1.0682329132,1.0701667243,-0.0151607996,-0.0160449175,1.6236258295,1.3364096207,-18.9886072999,-11614288.316327589,-0.4110522808,-1.8126206545,0.1483192862,0.7808182728,-0.7808182728,-0.0007203433,1.0336484579,2191.4813877894,707870.5379238154,705679.056536026,0.4911759544,0.4929691617,0.4909047601,0.4843705969,0.016101948,0.0142275288,0.0017660288,0.0042675965,0.009797198,0.0023468587,0.3476292998,0.3427233366,0.3096473636,0.3476292998,0.3096473636,0.3427233366,,,,
test_2020_2024,last_residual_over_rmse,global,,60,1.3072452646,1.3133864669,0.0264344358,0.0254185809,3.5938435995,3.4448771504,-55.1593749699,-22881637.40401847,-0.9534924699,-4.5146878719,0.1279107475,0.7363178454,-0.7363178454,0.0005216102,1.0921303672,-246061.5979823929,411081.8166680495,657143.4146504425,0.5087930399,0.4638769107,0.4641207117,0.5078103508,0.0140362067,0.0189042873,0.0032355011,0.0068442625,0.0121760996,0.0032253847,0.4853629532,0.1646064118,0.0727687952,0.23155498,0.1673232521,0.2794298229,0.2772618398,0.321691945,0.001434732,0.0021479723
test_2020_2024,last_residual_over_rmse,rating_neutral,rating_bucket,60,1.3345421957,1.3402712322,0.0145660323,0.0141041665,3.0702218146,2.8714664161,-52.6597790821,-21974818.467490926,-0.9135208232,-4.3248534806,0.1147660768,0.7348180083,-0.7348180083,-0.0001557752,1.1136889579,-241893.1000648669,416721.0255151698,658614.1255800367,0.4848542187,0.4927225117,0.4848542187,0.4927225117,0.0223686259,0.0223686259,0.0106382979,0.0112593058,0.0112593058,0.0106382979,0.4832295832,0.1683837549,0.0744803609,0.2320302292,0.1688238669,0.2791193558,0.273906301,0.320026548,,
train_2002_2016,composite_residual_rank,amount_neutral,amount_bucket,98,-1.5694212953,-1.5689507972,-0.0422858242,-0.0508024651,-2.4009882042,-3.0353579442,0.7655418462,-13066483.664078083,-0.531873709,-0.9710518211,0.034967909,0.6909302411,-0.6909302411,-0.001982916,0.9306726668,38995.5540031841,620757.6787377143,581762.1247345301,0.5682560871,0.4105851323,0.5865479626,0.3898452686,0.0309343434,,0.0227700126,0.034913124,0.0370865346,0.0226481843,0.3735248158,0.3138587237,0.3190749676,0.3732346635,0.3192333891,0.3139934457,,,,
train_2002_2016,composite_residual_rank,global,,174,1.4158983071,1.4194873772,0.02134212,0.0246087687,-6.5253588576,-7.9836430332,-28.8222882851,-23738966.7893028,-0.5907343195,-2.6276458493,-0.131979438,0.6567739574,-0.6567739574,0.0025786064,0.9732277384,-74510.350177845,439511.4996743168,485622.1286321454,0.5382413304,0.3848343501,0.5687911959,0.3667995726,0.0237737714,0.0355822982,0.0184404791,0.0369883713,0.0374729454,0.0153299557,0.0535236377,0.029229316,0.0214189627,0.026921238,0.0240797035,0.0257388067,0.9181643659,0.94061526,0.0048168616,0.0034812533
train_2002_2016,composite_residual_rank,rating_neutral,rating_bucket,174,1.5418702749,1.545195573,-0.0056237994,-0.0018158516,-6.5303158244,-7.942948788,-27.6573740666,-24259116.098990478,-0.6016144523,-2.5905522861,-0.1205459797,0.6530696098,-0.6530696098,0.0004720776,0.9856158652,-69195.0160791332,434771.6807245215,484926.1819077369,0.5705561566,0.3834787538,0.5705555179,0.3834675537,0.0457193743,0.0457332402,0.0260858627,0.0387385266,0.038756173,0.0260843774,0.0547766232,0.0301716757,0.0222670939,0.0275541687,0.0243719042,0.0262724046,0.9156523899,0.9394871247,,
train_2002_2016,last_bucket_residual_z,amount_neutral,amount_bucket,51,-1.2002215286,-1.198862167,-0.0725675078,-0.0655477589,-7.7016033106,-8.6049256741,4.5871313778,-14207490.243106717,-0.3673236572,-1.4761272279,-0.1088304378,0.6821901882,-0.6821901882,-0.0008022567,1.2707358806,38330.4781183349,789737.1140510365,751406.6359327015,0.6112618989,0.3596040272,0.7156025073,0.279075399,,0.0357142857,0.0445351088,0.025,0.0714285714,0.0399996414,0.2672605301,0.3917956152,0.3881074777,0.2672605301,0.3881074777,0.3917956152,,,,
train_2002_2016,last_bucket_residual_z,global,,166,-1.106236968,-1.1038026844,0.1070376272,0.1003702971,-9.940762961,-12.6101793161,-11.8271892645,-31906863.648112055,-0.6664755999,-2.5365923362,-0.1017827458,0.6523747885,-0.6523747885,0.011763593,0.7510194833,-81181.8931735296,524779.350586574,611395.6549465028,0.6841687617,0.232847396,0.7052275137,0.2216877975,0.0608388773,0.0872740143,0.0176873191,0.0214227846,0.0327516383,0.0239966214,0.0458376686,0.0480663129,0.0391423444,0.0432015361,0.0639932792,0.0509580005,0.9028382976,0.8875521683,0.023848908,0.0089328661
train_2002_2016,last_bucket_residual_z,rating_neutral,rating_bucket,166,-0.9209780162,-0.9192378345,0.0751635213,0.0691971578,-9.7340529705,-11.994477554,-5.6498978321,-29238902.108209692,-0.5951153821,-2.1120445027,-0.0859780479,0.6387706905,-0.6387706905,0.0087380653,0.9016033519,-77514.0716081574,527813.5199759903,608763.8274547344,0.7396596884,0.2699428972,0.7396596884,0.2699428972,0.1237706751,0.1237706751,0.0693069307,,,0.0693069307,0.0465617098,0.0518156211,0.0420509827,0.0440908599,0.0657473372,0.0531664171,0.8973273418,0.8836993956,,
train_2002_2016,last_issuer_date_residual_z,amount_neutral,amount_bucket,98,-1.4120247222,-1.4124462204,-0.0386156484,-0.0367512424,-0.3432618949,-0.686846912,1.0271337697,-13340608.564193893,-0.5314654102,-0.7748777319,0.1322306412,0.6725637699,-0.6725637699,-0.0016334126,0.8762139483,33751.5718119472,609033.5757570693,575282.003945122,0.584637744,0.394326567,0.5859906256,0.3889570745,0.0307765152,,0.0220370274,0.0380650457,0.0367700071,0.0231280001,0.3732346635,0.3139934457,0.3192333891,0.3732346635,0.3192333891,0.3139934457,,,,
train_2002_2016,last_issuer_date_residual_z,global,,174,1.6637249421,1.6661993206,0.0444463023,0.0448565705,-3.2982023615,-4.2716120388,-17.3094298055,-19227261.61081084,-0.5449544341,-1.9080298682,-0.0368206243,0.6535860788,-0.653583568,0.0056201448,0.8373619172,-37722.0015179827,462450.6539275143,472421.7636490064,0.5543767388,0.3697589232,0.560023317,0.373642052,0.0205131146,0.0403328578,0.0177275923,0.032923034,0.0406606155,0.0166466464,0.0527492517,0.0312242324,0.0250088408,0.0273093025,0.0221565019,0.0266979973,0.9142120995,0.9413451183,0.0041058663,0.003478042
train_2002_2016,last_issuer_date_residual_z,rating_neutral,rating_bucket,174,1.7755769258,1.7777275912,0.0026589333,0.0042120779,-3.6916921358,-4.6439420854,-15.8934991577,-19852881.58928441,-0.5341825102,-1.8418207368,-0.0329036898,0.6494459599,-0.6494434415,0.0020635329,0.9250326736,-27265.2512298103,462357.2095978429,471120.7404613622,0.5706047419,0.383419557,0.5706047419,0.383419557,0.0457372608,0.0457372608,0.0260929889,0.0387441896,0.0387441896,0.0260929889,0.0539175908,0.0317526784,0.0257453337,0.0279439718,0.0225068576,0.0272594344,0.9124447595,0.9401541647,,
train_2002_2016,last_residual_over_rmse,amount_neutral,amount_bucket,98,-1.4262261817,-1.4269949717,-0.0363733908,-0.0383085397,-1.3853210339,-1.7394200157,-1.7974743669,-10012518.87602172,-0.4818850964,-0.846852099,0.114445021,0.6703706286,-0.6703706286,-0.0009887589,0.8347857416,25682.8576264858,597055.1503162303,571372.2926897445,0.5637572322,0.4126055656,0.575209652,0.4031828438,0.0309343434,,0.0261350212,0.0397546633,0.0353650872,0.0210014015,0.3732346635,0.3139934457,0.3192333891,0.3732346635,0.3192333891,0.3139934457,,,,
train_2002_2016,last_residual_over_rmse,global,,174,1.4694404174,1.4714079246,0.0480477439,0.0458078032,-1.0285288924,-1.3989075664,-15.1528282296,-15633114.422790628,-0.5435835187,-1.7556459663,0.0114478365,0.6447998935,-0.6447998935,0.0063995195,0.7692265807,-44692.0272085057,446270.1502814471,464045.6170310539,0.5494975984,0.3685539924,0.5512436007,0.377805641,0.0248838918,0.0447284556,0.0187331508,0.0350348928,0.0424182624,0.0163256392,0.0517747499,0.0324450864,0.0228202744,0.029204181,0.022187949,0.0294254342,0.9157966681,0.937425506,0.0040277623,0.0037237352
train_2002_2016,last_residual_over_rmse,rating_neutral,rating_bucket,174,1.6105333092,1.6121670425,0.0044367747,0.0043243258,-1.5054610425,-1.8922423518,-16.1197284634,-16610195.923988117,-0.540220826,-1.7700819484,0.0167404898,0.6401995157,-0.6401995157,0.0027767233,0.866135273,-39849.9810466605,442721.3040050038,468272.1775625836,0.5706047419,0.383419557,0.5706047419,0.383419557,0.0457372608,0.0457372608,0.0260929889,0.0387441896,0.0387441896,0.0260929889,0.0532306999,0.0334448666,0.0246857098,0.0302902461,0.0231465974,0.0300976732,0.9124890272,0.9350146551,,
valid_2017_2019,composite_residual_rank,amount_neutral,amount_bucket,36,0.1421657731,0.1443591897,0.0006825177,-0.0014146677,-2.3028407958,-2.8362146676,-16.1096770176,-19710005.9711268,-0.5272621451,-1.9045992679,-0.0273178014,0.7404007136,-0.7404007136,-0.0001393174,1.2078887205,3899.287748105,727464.1281084596,723564.8403603547,0.4970379012,0.4951144314,0.551544615,0.4398933557,0.0045897308,0.0041994016,0.0078243979,0.0084954561,0.0083725419,0.0054314626,0.3471752511,0.3652420952,0.2875826537,0.3472182405,0.2876179271,0.3651638324,,,,
valid_2017_2019,composite_residual_rank,global,,36,2.4344058141,2.4401550415,0.0287106451,0.0292743386,-2.520069946,-3.2199310907,-44.0035743093,-22788820.4089214,-0.7751513473,-4.104706283,-0.1101067742,0.6522115179,-0.6522115179,0.0005500235,1.2328409542,-221436.8072159113,526472.742874647,747909.5500905584,0.4285518362,0.5284954293,0.4572827224,0.5064754375,0.0031699902,0.0127455033,0.0072530727,0.023113224,0.0260214054,0.0080235384,0.2234240547,0.1084092576,0.0570361535,0.079693189,0.086390292,0.1173420608,0.6111305342,0.7165744582,0.00152207,0.0015267176
valid_2017_2019,composite_residual_rank,rating_neutral,rating_bucket,36,2.5914811316,2.597012094,0.0042098641,0.0042179358,-2.470162626,-3.1542462513,-43.3108456692,-22730701.353187535,-0.7616035633,-4.0599187028,-0.0968015623,0.6492062781,-0.6492062781,-0.0006396312,1.2017879718,-219568.8172397484,529042.3869036868,748611.2041434352,0.4652782461,0.5051219069,0.4652565936,0.5051446579,,,0.0116780421,0.0257071664,0.0257060096,0.0116782167,0.2280146768,0.1103069733,0.0588085611,0.0798606362,0.0866628339,0.1178867815,0.6028697887,0.7155897484,,
valid_2017_2019,last_bucket_residual_z,amount_neutral,amount_bucket,36,-0.7411941313,-0.7393448881,-0.004588954,-0.0097503771,-1.875275119,-2.4399211356,-3.1973687026,-23866763.606461845,-0.4630132077,-1.538877819,0.0309416536,0.7015817803,-0.7015817803,-0.0002487678,1.2178219389,10632.7434448571,870310.5793460333,859677.8359011763,0.6464959276,0.3453745287,0.7108114833,0.2868074149,,0.0111162779,0.023929352,0.015026739,0.0165256093,0.0098086124,0.264863782,0.3508087728,0.3843274453,0.264863782,0.3843274453,0.3508087728,,,,
valid_2017_2019,last_bucket_residual_z,global,,36,1.388759709,1.3937427536,0.0252112236,0.0163222865,-3.199655462,-4.3506352322,-42.7085556003,-31213829.018706303,-0.8343067426,-4.2886442972,-0.0466842408,0.6301908196,-0.6301908196,4.2102e-05,1.2319798866,-255278.8759884152,654387.9292091868,909666.8051976021,0.605251807,0.3661719814,0.6590975838,0.3271077351,0.0064961474,0.0165311525,0.0075053254,0.0089999877,0.0103863734,0.0056052169,0.1652955404,0.1113977668,0.0774465184,0.0693633829,0.1412343256,0.1178056003,0.6458601744,0.6715966911,,
valid_2017_2019,last_bucket_residual_z,rating_neutral,rating_bucket,36,1.4201988627,1.4248547705,-0.0133414363,-0.0225344916,-2.873397778,-3.9556235939,-42.3200339663,-32227222.882428017,-0.8214750371,-4.2696457939,-0.0098831511,0.6241297465,-0.6241297465,-0.0009759806,1.1512736118,-252430.5126509377,662727.7301658958,915158.2428168335,0.6517328203,0.3482671797,0.6517328203,0.3482671797,,,,,,,0.1663088764,0.1154560702,0.0809886479,0.069703303,0.1433760401,0.1196319185,0.6372464055,0.6672887384,,
valid_2017_2019,last_issuer_date_residual_z,amount_neutral,amount_bucket,36,0.4226938171,0.4242210996,-0.0011502758,-0.002675828,0.0405010881,-0.2445789754,-16.5438112315,-18569661.598191317,-0.5383597142,-1.7890041787,0.1287372442,0.7404011917,-0.7404011917,-9.24308e-05,1.2359385651,4942.3420788646,724022.474817298,719080.1327384334,0.5214427829,0.4728214575,0.5421082295,0.4494413872,0.0050640232,0.0042128357,0.0063797874,0.0080003174,0.0080220103,0.0055495746,0.3472182405,0.3651638324,0.2876179271,0.3472182405,0.2876179271,0.3651638324,,,,
valid_2017_2019,last_issuer_date_residual_z,global,,36,3.0621345609,3.0666800998,0.0156331631,0.0165446403,0.1853144831,-0.1943291169,-33.9897655463,-17758210.52825129,-0.6885409453,-3.3186649516,0.0651523785,0.6570170174,-0.6570170174,0.0006071484,1.2064874111,-165388.4126492806,559775.3302998939,725163.7429491744,0.4568653392,0.5058821571,0.4471435635,0.5141494729,0.0030590407,0.012793523,0.0065740944,0.0185728676,0.028127043,0.0084788849,0.2174381939,0.1124547045,0.0690092351,0.0819759759,0.0775165549,0.1150968464,0.6010978664,0.7254106228,0.00152207,0.001529052
valid_2017_2019,last_issuer_date_residual_z,rating_neutral,rating_bucket,36,3.1270976411,3.1313109654,-0.0015127392,-0.0007991455,0.0416628704,-0.3443202947,-32.4034380725,-17143271.13641902,-0.6629339887,-3.1710695186,0.0627367111,0.6531875655,-0.6531875655,-0.0006690623,1.2132402524,-165732.6591444137,561313.5088471533,727046.1679915672,0.4652981692,0.505100508,0.4652981692,0.505100508,,,0.011679652,0.0257081055,0.0257081055,0.011679652,0.2188948774,0.1135473669,0.0695931837,0.082792397,0.0793679662,0.1154216029,0.597964572,0.722418034,,
valid_2017_2019,last_residual_over_rmse,amount_neutral,amount_bucket,36,0.3077217308,0.3089547847,-0.001226876,-0.0029526808,-0.1345175754,-0.2980740304,-12.492431309,-15463262.004482172,-0.5036096404,-1.6456352107,0.1090420346,0.7267923476,-0.7267923476,-5.54325e-05,1.1890942585,1897.2440214105,716389.8325508467,714492.5885294364,0.5050339594,0.4868728776,0.5430019824,0.447743907,0.0047401287,0.0040938025,0.0061184931,0.0088815374,0.009370893,0.005692601,0.3472182405,0.3651638324,0.2876179271,0.3472182405,0.2876179271,0.3651638324,,,,
valid_2017_2019,last_residual_over_rmse,global,,36,3.0260550866,3.0304691302,0.0131189841,0.0134910574,0.8795239428,0.7067106629,-34.495133798,-18113677.183425948,-0.7121462973,-3.4498361429,0.0873706744,0.6443143829,-0.6443143829,0.0005410214,1.1787698847,-159358.3417850169,528815.1644610618,688173.5062460788,0.4433720182,0.516597556,0.436792383,0.5208711051,0.0032940781,0.0131293299,0.0070097169,0.0204755221,0.0305656688,0.0090750005,0.2204944035,0.1151941066,0.059876972,0.0910483018,0.0718660808,0.1227695856,0.6044345178,0.7143160318,0.00152207,
valid_2017_2019,last_residual_over_rmse,rating_neutral,rating_bucket,36,3.1015106682,3.1056133139,-0.0030839425,-0.0036182429,0.6846634939,0.4966150313,-33.2135838176,-17680293.534734026,-0.6895610352,-3.3421084397,0.0823255265,0.6418652111,-0.6418652111,-0.0006533005,1.1881763618,-161383.2448746586,532776.5529736662,694159.7978483249,0.4652981692,0.505100508,0.4652981692,0.505100508,,,0.011679652,0.0257081055,0.0257081055,0.011679652,0.2230802739,0.1161478282,0.0619644192,0.0924965281,0.074804555,0.1243313954,0.5988074786,0.7083675215,,
